{
  "https://s2.demo.opensourcecms.com/orangehrm/symfony/web/index.php/recruitment/viewRecruitmentModule" : {
    "transaction" : "https://s2.demo.opensourcecms.com/orangehrm/symfony/web/index.php/recruitment/viewRecruitmentModule",
    "sampleCount" : 14,
    "errorCount" : 0,
    "errorPct" : 0.0,
    "meanResTime" : 1379.642857142857,
    "medianResTime" : 1179.0,
    "minResTime" : 1074.0,
    "maxResTime" : 1858.0,
    "pct1ResTime" : 1811.0,
    "pct2ResTime" : 1858.0,
    "pct3ResTime" : 1858.0,
    "throughput" : 0.17077544249136972,
    "receivedKBytesPerSec" : 2.7803304619170763,
    "sentKBytesPerSec" : 0.14008923016870173
  },
  "clk on recruitemnet" : {
    "transaction" : "clk on recruitemnet",
    "sampleCount" : 14,
    "errorCount" : 0,
    "errorPct" : 0.0,
    "meanResTime" : 656.9285714285714,
    "medianResTime" : 670.0,
    "minResTime" : 249.0,
    "maxResTime" : 981.0,
    "pct1ResTime" : 843.0,
    "pct2ResTime" : 981.0,
    "pct3ResTime" : 981.0,
    "throughput" : 0.17293558149589278,
    "receivedKBytesPerSec" : 0.18480560187758632,
    "sentKBytesPerSec" : 0.18194666404175158
  },
  "https://s2.demo.opensourcecms.com/orangehrm/symfony/web/index.php/dashboard/pendingLeaveRequests" : {
    "transaction" : "https://s2.demo.opensourcecms.com/orangehrm/symfony/web/index.php/dashboard/pendingLeaveRequests",
    "sampleCount" : 15,
    "errorCount" : 0,
    "errorPct" : 0.0,
    "meanResTime" : 240.13333333333335,
    "medianResTime" : 246.0,
    "minResTime" : 211.0,
    "maxResTime" : 265.0,
    "pct1ResTime" : 260.8,
    "pct2ResTime" : 265.0,
    "pct3ResTime" : 265.0,
    "throughput" : 0.17148344613133346,
    "receivedKBytesPerSec" : 0.26844527748879643,
    "sentKBytesPerSec" : 0.0502392908587891
  },
  "https://s2.demo.opensourcecms.com/orangehrm/symfony/web/index.php/time/viewTimeModule" : {
    "transaction" : "https://s2.demo.opensourcecms.com/orangehrm/symfony/web/index.php/time/viewTimeModule",
    "sampleCount" : 10,
    "errorCount" : 0,
    "errorPct" : 0.0,
    "meanResTime" : 1804.7000000000003,
    "medianResTime" : 1646.5,
    "minResTime" : 1115.0,
    "maxResTime" : 2812.0,
    "pct1ResTime" : 2777.5,
    "pct2ResTime" : 2812.0,
    "pct3ResTime" : 2812.0,
    "throughput" : 0.17205189085028044,
    "receivedKBytesPerSec" : 2.8012030459636628,
    "sentKBytesPerSec" : 0.138784044767902
  },
  "Login" : {
    "transaction" : "Login",
    "sampleCount" : 15,
    "errorCount" : 0,
    "errorPct" : 0.0,
    "meanResTime" : 8036.266666666666,
    "medianResTime" : 7425.0,
    "minResTime" : 5926.0,
    "maxResTime" : 16851.0,
    "pct1ResTime" : 12490.800000000003,
    "pct2ResTime" : 16851.0,
    "pct3ResTime" : 16851.0,
    "throughput" : 0.14963638358788145,
    "receivedKBytesPerSec" : 25.65146576631286,
    "sentKBytesPerSec" : 0.7550402521871852
  },
  "https://s2.demo.opensourcecms.com/orangehrm/symfony/web/index.php/dashboard/employeeDistribution" : {
    "transaction" : "https://s2.demo.opensourcecms.com/orangehrm/symfony/web/index.php/dashboard/employeeDistribution",
    "sampleCount" : 15,
    "errorCount" : 0,
    "errorPct" : 0.0,
    "meanResTime" : 226.73333333333335,
    "medianResTime" : 223.0,
    "minResTime" : 202.0,
    "maxResTime" : 258.0,
    "pct1ResTime" : 254.4,
    "pct2ResTime" : 258.0,
    "pct3ResTime" : 258.0,
    "throughput" : 0.17153835597639633,
    "receivedKBytesPerSec" : 0.3477672138740222,
    "sentKBytesPerSec" : 0.05025537772745986
  },
  "https://s2.demo.opensourcecms.com/orangehrm/symfony/web/webres_5bdfdad33dec87.24121780/orangehrmDashboardPlugin/js/flot/jquery.flot.pie.min.js?_=1624356972326" : {
    "transaction" : "https://s2.demo.opensourcecms.com/orangehrm/symfony/web/webres_5bdfdad33dec87.24121780/orangehrmDashboardPlugin/js/flot/jquery.flot.pie.min.js?_=1624356972326",
    "sampleCount" : 14,
    "errorCount" : 0,
    "errorPct" : 0.0,
    "meanResTime" : 219.57142857142858,
    "medianResTime" : 180.5,
    "minResTime" : 171.0,
    "maxResTime" : 380.0,
    "pct1ResTime" : 375.0,
    "pct2ResTime" : 380.0,
    "pct3ResTime" : 380.0,
    "throughput" : 0.1759545534524797,
    "receivedKBytesPerSec" : 2.1630038270115377,
    "sentKBytesPerSec" : 0.07921391517733706
  },
  "https://s2.demo.opensourcecms.com/orangehrm/symfony/web/index.php/auth/validateCredentials" : {
    "transaction" : "https://s2.demo.opensourcecms.com/orangehrm/symfony/web/index.php/auth/validateCredentials",
    "sampleCount" : 15,
    "errorCount" : 0,
    "errorPct" : 0.0,
    "meanResTime" : 2101.3333333333335,
    "medianResTime" : 1865.0,
    "minResTime" : 1797.0,
    "maxResTime" : 2943.0,
    "pct1ResTime" : 2785.2000000000003,
    "pct2ResTime" : 2943.0,
    "pct3ResTime" : 2943.0,
    "throughput" : 0.16823310378860948,
    "receivedKBytesPerSec" : 2.766645964648617,
    "sentKBytesPerSec" : 0.16954742491195798
  },
  "https://s2.demo.opensourcecms.com/orangehrm/symfony/web/index.php/recruitment/getVacancyListForJobTitleJson/mode/candidates/jobTitle/" : {
    "transaction" : "https://s2.demo.opensourcecms.com/orangehrm/symfony/web/index.php/recruitment/getVacancyListForJobTitleJson/mode/candidates/jobTitle/",
    "sampleCount" : 14,
    "errorCount" : 0,
    "errorPct" : 0.0,
    "meanResTime" : 239.85714285714286,
    "medianResTime" : 224.5,
    "minResTime" : 200.0,
    "maxResTime" : 389.0,
    "pct1ResTime" : 329.0,
    "pct2ResTime" : 389.0,
    "pct3ResTime" : 389.0,
    "throughput" : 0.17293558149589278,
    "receivedKBytesPerSec" : 0.06468196065715522,
    "sentKBytesPerSec" : 0.06417531344574147
  },
  "https://s2.demo.opensourcecms.com/orangehrm/symfony/web/index.php/recruitment/getHiringManagerListJson/mode/candidates/jobTitle/" : {
    "transaction" : "https://s2.demo.opensourcecms.com/orangehrm/symfony/web/index.php/recruitment/getHiringManagerListJson/mode/candidates/jobTitle/",
    "sampleCount" : 13,
    "errorCount" : 0,
    "errorPct" : 0.0,
    "meanResTime" : 226.84615384615387,
    "medianResTime" : 222.0,
    "minResTime" : 200.0,
    "maxResTime" : 288.0,
    "pct1ResTime" : 270.79999999999995,
    "pct2ResTime" : 288.0,
    "pct3ResTime" : 288.0,
    "throughput" : 0.16516745438837221,
    "receivedKBytesPerSec" : 0.061776499053463434,
    "sentKBytesPerSec" : 0.06048612831605428
  },
  "https://s2.demo.opensourcecms.com/orangehrm/symfony/web/index.php/leave/getWorkWeekAjax?_=1624356976096" : {
    "transaction" : "https://s2.demo.opensourcecms.com/orangehrm/symfony/web/index.php/leave/getWorkWeekAjax?_=1624356976096",
    "sampleCount" : 14,
    "errorCount" : 0,
    "errorPct" : 0.0,
    "meanResTime" : 247.0,
    "medianResTime" : 224.5,
    "minResTime" : 196.0,
    "maxResTime" : 540.0,
    "pct1ResTime" : 405.5,
    "pct2ResTime" : 540.0,
    "pct3ResTime" : 540.0,
    "throughput" : 0.17286725029943079,
    "receivedKBytesPerSec" : 0.06347469346932225,
    "sentKBytesPerSec" : 0.05908548594218826
  },
  "Debug Sampler" : {
    "transaction" : "Debug Sampler",
    "sampleCount" : 10,
    "errorCount" : 0,
    "errorPct" : 0.0,
    "meanResTime" : 0.10000000000000002,
    "medianResTime" : 0.0,
    "minResTime" : 0.0,
    "maxResTime" : 1.0,
    "pct1ResTime" : 0.9000000000000004,
    "pct2ResTime" : 1.0,
    "pct3ResTime" : 1.0,
    "throughput" : 0.17741191498421036,
    "receivedKBytesPerSec" : 0.10142278811694994,
    "sentKBytesPerSec" : 0.0
  },
  "https://s2.demo.opensourcecms.com/orangehrm/symfony/web/webres_5bdfdad33dec87.24121780/orangehrmDashboardPlugin/js/flot/jquery.flot.min.js?_=1624356971949" : {
    "transaction" : "https://s2.demo.opensourcecms.com/orangehrm/symfony/web/webres_5bdfdad33dec87.24121780/orangehrmDashboardPlugin/js/flot/jquery.flot.min.js?_=1624356971949",
    "sampleCount" : 15,
    "errorCount" : 0,
    "errorPct" : 0.0,
    "meanResTime" : 927.5333333333334,
    "medianResTime" : 779.0,
    "minResTime" : 670.0,
    "maxResTime" : 1969.0,
    "pct1ResTime" : 1610.2000000000003,
    "pct2ResTime" : 1969.0,
    "pct3ResTime" : 1969.0,
    "throughput" : 0.1703771013175829,
    "receivedKBytesPerSec" : 8.880074486738982,
    "sentKBytesPerSec" : 0.0760374368184916
  },
  "https://s2.demo.opensourcecms.com/orangehrm/symfony/web/index.php/recruitment/getHiringManagerListJson/mode/candidates/vacancyId/" : {
    "transaction" : "https://s2.demo.opensourcecms.com/orangehrm/symfony/web/index.php/recruitment/getHiringManagerListJson/mode/candidates/vacancyId/",
    "sampleCount" : 13,
    "errorCount" : 0,
    "errorPct" : 0.0,
    "meanResTime" : 222.30769230769232,
    "medianResTime" : 215.0,
    "minResTime" : 201.0,
    "maxResTime" : 304.0,
    "pct1ResTime" : 279.2,
    "pct2ResTime" : 304.0,
    "pct3ResTime" : 304.0,
    "throughput" : 0.16511291182970508,
    "receivedKBytesPerSec" : 0.061756098858180716,
    "sentKBytesPerSec" : 0.06062739731246984
  },
  "Test" : {
    "transaction" : "Test",
    "sampleCount" : 10,
    "errorCount" : 0,
    "errorPct" : 0.0,
    "meanResTime" : 10241.399999999998,
    "medianResTime" : 10401.0,
    "minResTime" : 8426.0,
    "maxResTime" : 12201.0,
    "pct1ResTime" : 12087.9,
    "pct2ResTime" : 12201.0,
    "pct3ResTime" : 12201.0,
    "throughput" : 0.1888788153520701,
    "receivedKBytesPerSec" : 36.79298453908847,
    "sentKBytesPerSec" : 1.3500039546501963
  },
  "Total" : {
    "transaction" : "Total",
    "sampleCount" : 224,
    "errorCount" : 0,
    "errorPct" : 0.0,
    "meanResTime" : 676.3125,
    "medianResTime" : 245.5,
    "minResTime" : 0.0,
    "maxResTime" : 16851.0,
    "pct1ResTime" : 1782.0,
    "pct2ResTime" : 1962.25,
    "pct3ResTime" : 2910.25,
    "throughput" : 2.234614578864935,
    "receivedKBytesPerSec" : 28.362817484861484,
    "sentKBytesPerSec" : 1.0099001250735726
  },
  "Clk on Time" : {
    "transaction" : "Clk on Time",
    "sampleCount" : 13,
    "errorCount" : 0,
    "errorPct" : 0.0,
    "meanResTime" : 1388.2307692307695,
    "medianResTime" : 1636.0,
    "minResTime" : 0.0,
    "maxResTime" : 2812.0,
    "pct1ResTime" : 2674.0,
    "pct2ResTime" : 2812.0,
    "pct3ResTime" : 2812.0,
    "throughput" : 0.16565996380966944,
    "receivedKBytesPerSec" : 2.0747193138810305,
    "sentKBytesPerSec" : 0.10279081288069933
  },
  "https://s2.demo.opensourcecms.com/orangehrm/symfony/web/webres_5bdfdad33dec87.24121780/orangehrmDashboardPlugin/js/flot/JUMFlot.min.js?_=1624356972501" : {
    "transaction" : "https://s2.demo.opensourcecms.com/orangehrm/symfony/web/webres_5bdfdad33dec87.24121780/orangehrmDashboardPlugin/js/flot/JUMFlot.min.js?_=1624356972501",
    "sampleCount" : 14,
    "errorCount" : 0,
    "errorPct" : 0.0,
    "meanResTime" : 762.3571428571429,
    "medianResTime" : 712.0,
    "minResTime" : 666.0,
    "maxResTime" : 1188.0,
    "pct1ResTime" : 1012.5,
    "pct2ResTime" : 1188.0,
    "pct3ResTime" : 1188.0,
    "throughput" : 0.175153259101714,
    "receivedKBytesPerSec" : 9.998616953897159,
    "sentKBytesPerSec" : 0.07748479137995745
  },
  "https://s2.demo.opensourcecms.com/orangehrm/symfony/web/index.php/auth/login" : {
    "transaction" : "https://s2.demo.opensourcecms.com/orangehrm/symfony/web/index.php/auth/login",
    "sampleCount" : 15,
    "errorCount" : 0,
    "errorPct" : 0.0,
    "meanResTime" : 832.6,
    "medianResTime" : 397.0,
    "minResTime" : 362.0,
    "maxResTime" : 2004.0,
    "pct1ResTime" : 1878.6000000000001,
    "pct2ResTime" : 2004.0,
    "pct3ResTime" : 2004.0,
    "throughput" : 0.17910020059222465,
    "receivedKBytesPerSec" : 2.814764871286656,
    "sentKBytesPerSec" : 0.06069118125537301
  },
  "https://s2.demo.opensourcecms.com/orangehrm/symfony/web/webres_5bdfdad33dec87.24121780/orangehrmDashboardPlugin/js/graph-visualizer/pie-chart.js?_=1624356972942" : {
    "transaction" : "https://s2.demo.opensourcecms.com/orangehrm/symfony/web/webres_5bdfdad33dec87.24121780/orangehrmDashboardPlugin/js/graph-visualizer/pie-chart.js?_=1624356972942",
    "sampleCount" : 14,
    "errorCount" : 0,
    "errorPct" : 0.0,
    "meanResTime" : 182.64285714285714,
    "medianResTime" : 174.0,
    "minResTime" : 166.0,
    "maxResTime" : 296.0,
    "pct1ResTime" : 243.5,
    "pct2ResTime" : 296.0,
    "pct3ResTime" : 296.0,
    "throughput" : 0.17662717787618434,
    "receivedKBytesPerSec" : 0.5548922179957861,
    "sentKBytesPerSec" : 0.07986170249675131
  },
  "https://s2.demo.opensourcecms.com/orangehrm/symfony/web/index.php/leave/getHolidayAjax?year=2021&_=1624356976095" : {
    "transaction" : "https://s2.demo.opensourcecms.com/orangehrm/symfony/web/index.php/leave/getHolidayAjax?year=2021&_=1624356976095",
    "sampleCount" : 14,
    "errorCount" : 0,
    "errorPct" : 0.0,
    "meanResTime" : 224.78571428571428,
    "medianResTime" : 209.0,
    "minResTime" : 199.0,
    "maxResTime" : 373.0,
    "pct1ResTime" : 313.0,
    "pct2ResTime" : 373.0,
    "pct3ResTime" : 373.0,
    "throughput" : 0.17293985398935185,
    "receivedKBytesPerSec" : 0.0607991674181315,
    "sentKBytesPerSec" : 0.06063028084197003
  }
}